[
    {
        "name": "Afghanistan",
        "dialing_code": 93
    },
    {
        "name": "Albania",
        "dialing_code": 355
    },
    {
        "name": "Algeria",
        "dialing_code": 213
    },
    {
        "name": "American Samoa",
        "dialing_code": 1684
    },
    {
        "name": "Andorra",
        "dialing_code": 376
    },
    {
        "name": "Angola",
        "dialing_code": 244
    },
    {
        "name": "Anguilla",
        "dialing_code": 1264
    },
    {
        "name": "Antarctica",
        "dialing_code": 672
    },
    {
        "name": "Antigua and Barbuda",
        "dialing_code": 1268
    },
    {
        "name": "Argentina",
        "dialing_code": 54
    },
    {
        "name": "Armenia",
        "dialing_code": 374
    },
    {
        "name": "Aruba",
        "dialing_code": 297
    },
    {
        "name": "Australia",
        "dialing_code": 61
    },
    {
        "name": "Austria",
        "dialing_code": 43
    },
    {
        "name": "Azerbaijan",
        "dialing_code": 994
    },
    {
        "name": "Bahamas",
        "dialing_code": 1242
    },
    {
        "name": "Bahrain",
        "dialing_code": 973
    },
    {
        "name": "Bangladesh",
        "dialing_code": 880
    },
    {
        "name": "Barbados",
        "dialing_code": 1246
    },
    {
        "name": "Belarus",
        "dialing_code": 375
    },
    {
        "name": "Belgium",
        "dialing_code": 32
    },
    {
        "name": "Belize",
        "dialing_code": 501
    },
    {
        "name": "Benin",
        "dialing_code": 229
    },
    {
        "name": "Bermuda",
        "dialing_code": 1441
    },
    {
        "name": "Bhutan",
        "dialing_code": 975
    },
    {
        "name": "Bolivia",
        "dialing_code": 591
    },
    {
        "name": "Bosnia and Herzegovina",
        "dialing_code": 387
    },
    {
        "name": "Botswana",
        "dialing_code": 267
    },
    {
        "name": "Bouvet Island",
        "dialing_code": 55
    },
    {
        "name": "Brazil",
        "dialing_code": 55
    },
    {
        "name": "British Indian Ocean Territory",
        "dialing_code": 246
    },
    {
        "name": "Brunei",
        "dialing_code": 673
    },
    {
        "name": "Bulgaria",
        "dialing_code": 359
    },
    {
        "name": "Burkina Faso",
        "dialing_code": 226
    },
    {
        "name": "Burundi",
        "dialing_code": 257
    },
    {
        "name": "Cambodia",
        "dialing_code": 855
    },
    {
        "name": "Cameroon",
        "dialing_code": 237
    },
    {
        "name": "Canada",
        "dialing_code": 1
    },
    {
        "name": "Cape Verde",
        "dialing_code": 238
    },
    {
        "name": "Cayman Islands",
        "dialing_code": 1345
    },
    {
        "name": "Central African Republic",
        "dialing_code": 236
    },
    {
        "name": "Chad",
        "dialing_code": 235
    },
    {
        "name": "Chile",
        "dialing_code": 56
    },
    {
        "name": "China",
        "dialing_code": 86
    },
    {
        "name": "Christmas Island",
        "dialing_code": 61
    },
    {
        "name": "Cocos (Keeling) Islands",
        "dialing_code": 61
    },
    {
        "name": "Colombia",
        "dialing_code": 57
    },
    {
        "name": "Comoros",
        "dialing_code": 269
    },
    {
        "name": "Congo",
        "dialing_code": 242
    },
    {
        "name": "Cook Islands",
        "dialing_code": 682
    },
    {
        "name": "Costa Rica",
        "dialing_code": 506
    },
    {
        "name": "Croatia",
        "dialing_code": 385
    },
    {
        "name": "Cuba",
        "dialing_code": 53
    },
    {
        "name": "Cyprus",
        "dialing_code": 357
    },
    {
        "name": "Czech Republic",
        "dialing_code": 420
    },
    {
        "name": "Denmark",
        "dialing_code": 45
    },
    {
        "name": "Djibouti",
        "dialing_code": 253
    },
    {
        "name": "Dominica",
        "dialing_code": 1767
    },
    {
        "name": "Dominican Republic",
        "dialing_code": 1849
    },
    {
        "name": "East Timor",
        "dialing_code": 670
    },
    {
        "name": "Ecuador",
        "dialing_code": 593
    },
    {
        "name": "Egypt",
        "dialing_code": 20
    },
    {
        "name": "El Salvador",
        "dialing_code": 503
    },
    {
        "name": "England",
        "dialing_code": 44
    },
    {
        "name": "Equatorial Guinea",
        "dialing_code": 240
    },
    {
        "name": "Eritrea",
        "dialing_code": 291
    },
    {
        "name": "Estonia",
        "dialing_code": 372
    },
    {
        "name": "Ethiopia",
        "dialing_code": 251
    },
    {
        "name": "Falkland Islands",
        "dialing_code": 500
    },
    {
        "name": "Faroe Islands",
        "dialing_code": 298
    },
    {
        "name": "Fiji Islands",
        "dialing_code": 679
    },
    {
        "name": "Finland",
        "dialing_code": 358
    },
    {
        "name": "France",
        "dialing_code": 33
    },
    {
        "name": "French Guiana",
        "dialing_code": 594
    },
    {
        "name": "French Polynesia",
        "dialing_code": 689
    },
    {
        "name": "French Southern territories",
        "dialing_code": 262
    },
    {
        "name": "Gabon",
        "dialing_code": 241
    },
    {
        "name": "Gambia",
        "dialing_code": 220
    },
    {
        "name": "Georgia",
        "dialing_code": 995
    },
    {
        "name": "Germany",
        "dialing_code": 49
    },
    {
        "name": "Ghana",
        "dialing_code": 233
    },
    {
        "name": "Gibraltar",
        "dialing_code": 350
    },
    {
        "name": "Greece",
        "dialing_code": 30
    },
    {
        "name": "Greenland",
        "dialing_code": 299
    },
    {
        "name": "Grenada",
        "dialing_code": 1473
    },
    {
        "name": "Guadeloupe",
        "dialing_code": 590
    },
    {
        "name": "Guam",
        "dialing_code": 1671
    },
    {
        "name": "Guatemala",
        "dialing_code": 502
    },
    {
        "name": "Guinea",
        "dialing_code": 224
    },
    {
        "name": "Guinea-Bissau",
        "dialing_code": 245
    },
    {
        "name": "Guyana",
        "dialing_code": 592
    },
    {
        "name": "Haiti",
        "dialing_code": 509
    },
    {
        "name": "Heard Island and McDonald Islands",
        "dialing_code": 672
    },
    {
        "name": "Holy See (Vatican City State)",
        "dialing_code": 379
    },
    {
        "name": "Honduras",
        "dialing_code": 504
    },
    {
        "name": "Hong Kong",
        "dialing_code": 852
    },
    {
        "name": "Hungary",
        "dialing_code": 36
    },
    {
        "name": "Iceland",
        "dialing_code": 354
    },
    {
        "name": "India",
        "dialing_code": 91
    },
    {
        "name": "Indonesia",
        "dialing_code": 62
    },
    {
        "name": "Iran",
        "dialing_code": 98
    },
    {
        "name": "Iraq",
        "dialing_code": 964
    },
    {
        "name": "Ireland",
        "dialing_code": 353
    },
    {
        "name": "Israel",
        "dialing_code": 972
    },
    {
        "name": "Italy",
        "dialing_code": 39
    },
    {
        "name": "Ivory Coast",
        "dialing_code": 225
    },
    {
        "name": "Jamaica",
        "dialing_code": 1876
    },
    {
        "name": "Japan",
        "dialing_code": 81
    },
    {
        "name": "Jordan",
        "dialing_code": 962
    },
    {
        "name": "Kazakhstan",
        "dialing_code": 7
    },
    {
        "name": "Kenya",
        "dialing_code": 254
    },
    {
        "name": "Kiribati",
        "dialing_code": 686
    },
    {
        "name": "Kuwait",
        "dialing_code": 965
    },
    {
        "name": "Kyrgyzstan",
        "dialing_code": 996
    },
    {
        "name": "Laos",
        "dialing_code": 856
    },
    {
        "name": "Latvia",
        "dialing_code": 371
    },
    {
        "name": "Lebanon",
        "dialing_code": 961
    },
    {
        "name": "Lesotho",
        "dialing_code": 266
    },
    {
        "name": "Liberia",
        "dialing_code": 231
    },
    {
        "name": "Libyan Arab Jamahiriya",
        "dialing_code": 218
    },
    {
        "name": "Liechtenstein",
        "dialing_code": 423
    },
    {
        "name": "Lithuania",
        "dialing_code": 370
    },
    {
        "name": "Luxembourg",
        "dialing_code": 352
    },
    {
        "name": "Macao",
        "dialing_code": 853
    },
    {
        "name": "North Macedonia",
        "dialing_code": 389
    },
    {
        "name": "Madagascar",
        "dialing_code": 261
    },
    {
        "name": "Malawi",
        "dialing_code": 265
    },
    {
        "name": "Malaysia",
        "dialing_code": 60
    },
    {
        "name": "Maldives",
        "dialing_code": 960
    },
    {
        "name": "Mali",
        "dialing_code": 223
    },
    {
        "name": "Malta",
        "dialing_code": 356
    },
    {
        "name": "Marshall Islands",
        "dialing_code": 692
    },
    {
        "name": "Martinique",
        "dialing_code": 596
    },
    {
        "name": "Mauritania",
        "dialing_code": 222
    },
    {
        "name": "Mauritius",
        "dialing_code": 230
    },
    {
        "name": "Mayotte",
        "dialing_code": 262
    },
    {
        "name": "Mexico",
        "dialing_code": 52
    },
    {
        "name": "Micronesia, Federated States of",
        "dialing_code": 691
    },
    {
        "name": "Moldova",
        "dialing_code": 373
    },
    {
        "name": "Monaco",
        "dialing_code": 377
    },
    {
        "name": "Mongolia",
        "dialing_code": 976
    },
    {
        "name": "Montserrat",
        "dialing_code": 1664
    },
    {
        "name": "Morocco",
        "dialing_code": 212
    },
    {
        "name": "Mozambique",
        "dialing_code": 258
    },
    {
        "name": "Myanmar",
        "dialing_code": 95
    },
    {
        "name": "Namibia",
        "dialing_code": 264
    },
    {
        "name": "Nauru",
        "dialing_code": 674
    },
    {
        "name": "Nepal",
        "dialing_code": 977
    },
    {
        "name": "Netherlands",
        "dialing_code": 31
    },
    {
        "name": "Netherlands Antilles",
        "dialing_code": 599
    },
    {
        "name": "New Caledonia",
        "dialing_code": 687
    },
    {
        "name": "New Zealand",
        "dialing_code": 64
    },
    {
        "name": "Nicaragua",
        "dialing_code": 505
    },
    {
        "name": "Niger",
        "dialing_code": 227
    },
    {
        "name": "Nigeria",
        "dialing_code": 234
    },
    {
        "name": "Niue",
        "dialing_code": 683
    },
    {
        "name": "Norfolk Island",
        "dialing_code": 672
    },
    {
        "name": "North Korea",
        "dialing_code": 850
    },
    {
        "name": "Northern Ireland",
        "dialing_code": 44
    },
    {
        "name": "Northern Mariana Islands",
        "dialing_code": 1670
    },
    {
        "name": "Norway",
        "dialing_code": 47
    },
    {
        "name": "Oman",
        "dialing_code": 968
    },
    {
        "name": "Pakistan",
        "dialing_code": 92
    },
    {
        "name": "Palau",
        "dialing_code": 680
    },
    {
        "name": "Palestine",
        "dialing_code": 970
    },
    {
        "name": "Panama",
        "dialing_code": 507
    },
    {
        "name": "Papua New Guinea",
        "dialing_code": 675
    },
    {
        "name": "Paraguay",
        "dialing_code": 595
    },
    {
        "name": "Peru",
        "dialing_code": 51
    },
    {
        "name": "Philippines",
        "dialing_code": 63
    },
    {
        "name": "Pitcairn",
        "dialing_code": 64
    },
    {
        "name": "Poland",
        "dialing_code": 48
    },
    {
        "name": "Portugal",
        "dialing_code": 351
    },
    {
        "name": "Puerto Rico",
        "dialing_code": 1939
    },
    {
        "name": "Qatar",
        "dialing_code": 974
    },
    {
        "name": "Reunion",
        "dialing_code": 262
    },
    {
        "name": "Romania",
        "dialing_code": 40
    },
    {
        "name": "Russian Federation",
        "dialing_code": 7
    },
    {
        "name": "Rwanda",
        "dialing_code": 250
    },
    {
        "name": "Saint Helena",
        "dialing_code": 290
    },
    {
        "name": "Saint Kitts and Nevis",
        "dialing_code": 1869
    },
    {
        "name": "Saint Lucia",
        "dialing_code": 1758
    },
    {
        "name": "Saint Pierre and Miquelon",
        "dialing_code": 508
    },
    {
        "name": "Saint Vincent and the Grenadines",
        "dialing_code": 1784
    },
    {
        "name": "Samoa",
        "dialing_code": 685
    },
    {
        "name": "San Marino",
        "dialing_code": 378
    },
    {
        "name": "Sao Tome and Principe",
        "dialing_code": 239
    },
    {
        "name": "Saudi Arabia",
        "dialing_code": 966
    },
    {
        "name": "Scotland",
        "dialing_code": 44
    },
    {
        "name": "Senegal",
        "dialing_code": 221
    },
    {
        "name": "Serbia",
        "dialing_code": 381
    },
    {
        "name": "Seychelles",
        "dialing_code": 248
    },
    {
        "name": "Sierra Leone",
        "dialing_code": 232
    },
    {
        "name": "Singapore",
        "dialing_code": 65
    },
    {
        "name": "Slovakia",
        "dialing_code": 421
    },
    {
        "name": "Slovenia",
        "dialing_code": 386
    },
    {
        "name": "Solomon Islands",
        "dialing_code": 677
    },
    {
        "name": "Somalia",
        "dialing_code": 252
    },
    {
        "name": "South Africa",
        "dialing_code": 27
    },
    {
        "name": "South Georgia and the South Sandwich Islands",
        "dialing_code": 500
    },
    {
        "name": "South Korea",
        "dialing_code": 82
    },
    {
        "name": "South Sudan",
        "dialing_code": 211
    },
    {
        "name": "Spain",
        "dialing_code": 34
    },
    {
        "name": "Sri Lanka",
        "dialing_code": 94
    },
    {
        "name": "Sudan",
        "dialing_code": 249
    },
    {
        "name": "Suriname",
        "dialing_code": 597
    },
    {
        "name": "Svalbard and Jan Mayen",
        "dialing_code": 47
    },
    {
        "name": "Swaziland",
        "dialing_code": 268
    },
    {
        "name": "Sweden",
        "dialing_code": 46
    },
    {
        "name": "Switzerland",
        "dialing_code": 41
    },
    {
        "name": "Syria",
        "dialing_code": 963
    },
    {
        "name": "Tajikistan",
        "dialing_code": 992
    },
    {
        "name": "Tanzania",
        "dialing_code": 255
    },
    {
        "name": "Thailand",
        "dialing_code": 66
    },
    {
        "name": "The Democratic Republic of Congo",
        "dialing_code": 243
    },
    {
        "name": "Togo",
        "dialing_code": 228
    },
    {
        "name": "Tokelau",
        "dialing_code": 690
    },
    {
        "name": "Tonga",
        "dialing_code": 676
    },
    {
        "name": "Trinidad and Tobago",
        "dialing_code": 1868
    },
    {
        "name": "Tunisia",
        "dialing_code": 216
    },
    {
        "name": "Turkey",
        "dialing_code": 90
    },
    {
        "name": "Turkmenistan",
        "dialing_code": 993
    },
    {
        "name": "Turks and Caicos Islands",
        "dialing_code": 1649
    },
    {
        "name": "Tuvalu",
        "dialing_code": 688
    },
    {
        "name": "Uganda",
        "dialing_code": 256
    },
    {
        "name": "Ukraine",
        "dialing_code": 380
    },
    {
        "name": "United Arab Emirates",
        "dialing_code": 971
    },
    {
        "name": "United Kingdom",
        "dialing_code": 44
    },
    {
        "name": "United States",
        "dialing_code": 1
    },
    {
        "name": "United States Minor Outlying Islands",
        "dialing_code": 1
    },
    {
        "name": "Uruguay",
        "dialing_code": 598
    },
    {
        "name": "Uzbekistan",
        "dialing_code": 998
    },
    {
        "name": "Vanuatu",
        "dialing_code": 678
    },
    {
        "name": "Venezuela",
        "dialing_code": 58
    },
    {
        "name": "Vietnam",
        "dialing_code": 84
    },
    {
        "name": "Virgin Islands, British",
        "dialing_code": 1
    },
    {
        "name": "Virgin Islands, U.S.",
        "dialing_code": 1
    },
    {
        "name": "Wales",
        "dialing_code": 44
    },
    {
        "name": "Wallis and Futuna",
        "dialing_code": 681
    },
    {
        "name": "Western Sahara",
        "dialing_code": 212
    },
    {
        "name": "Yemen",
        "dialing_code": 967
    },
    {
        "name": "Zambia",
        "dialing_code": 260
    },
    {
        "name": "Zimbabwe",
        "dialing_code": 263
    }
]
